date_utc,rollup_id,rent_paid_eth,rent_paid_wei
2024-02-20,arbitrum,104.691886149,104691886149475171503
2024-02-20,base,45.587420302,45587420302420783740
2024-02-20,optimism,93.202365067,93202365067262366804
2024-02-21,arbitrum,107.503281268,107503281267825185090
2024-02-21,base,54.777905479,54777905479153715892
2024-02-21,optimism,77.490934378,77490934378219011080
2024-02-22,arbitrum,111.464191153,111464191152742599167
2024-02-22,base,49.740457969,49740457968893100836
2024-02-22,optimism,91.247315967,91247315967174450500
2024-02-23,arbitrum,99.333825441,99333825441255821370
2024-02-23,base,41.487769933,41487769932822010020
2024-02-23,optimism,64.746658572,64746658572352478020
2024-02-24,arbitrum,66.460486844,66460486843869068238
2024-02-24,base,37.542384479,37542384478561806688
2024-02-24,optimism,44.741229738,44741229737928484612
2024-02-25,arbitrum,74.419756263,74419756262728417093
2024-02-25,base,44.9543565,44954356500475590952
2024-02-25,optimism,46.868024779,46868024779206274532
2024-02-26,arbitrum,112.534899764,112534899763628764749
2024-02-26,base,46.003390918,46003390917561414588
2024-02-26,optimism,88.417434543,88417434543109375712
2024-02-27,arbitrum,135.11182868,135111828680440326415
2024-02-27,base,57.318431028,57318431027908945276
2024-02-27,optimism,123.166127181,123166127180595596656
2024-02-28,arbitrum,205.806359861,205806359860587886660
2024-02-28,base,71.968106992,71968106992347824440
2024-02-28,optimism,186.60651315,186606513149974986884
2024-02-29,arbitrum,199.017756098,199017756097633288521
2024-02-29,base,87.119727457,87119727457079266296
2024-02-29,optimism,201.682031265,201682031264769539092
2024-03-01,arbitrum,130.299051298,130299051298110480434
2024-03-01,base,58.057532526,58057532526367967448
2024-03-01,optimism,138.703265178,138703265177519460340
2024-03-02,arbitrum,113.102168913,113102168912665574624
2024-03-02,base,55.943766553,55943766552815084968
2024-03-02,optimism,115.577937015,115577937014985129392
2024-03-03,arbitrum,122.86995479,122869954789655807408
2024-03-03,base,59.877407438,59877407438054195076
2024-03-03,optimism,126.069263741,126069263740562017920
2024-03-04,arbitrum,184.909588499,184909588499011432990
2024-03-04,base,83.562468327,83562468326544225312
2024-03-04,optimism,154.970092018,154970092018246185012
2024-03-05,arbitrum,281.753629021,281753629021170004209
2024-03-05,base,115.811453148,115811453148190392704
2024-03-05,optimism,237.196753453,237196753453388333400
2024-03-06,arbitrum,190.404608146,190404608145635733140
2024-03-06,base,103.723166684,103723166683570795420
2024-03-06,optimism,121.638840644,121638840643812413220
2024-03-07,arbitrum,158.879700175,158879700174583735825
2024-03-07,base,90.13636308,90136363080036036768
2024-03-07,optimism,101.942443423,101942443423024882992
2024-03-08,arbitrum,145.317809656,145317809656037038335
2024-03-08,base,70.403269047,70403269046673595272
2024-03-08,optimism,90.954526363,90954526362549291912
2024-03-09,arbitrum,105.400382256,105400382256189005855
2024-03-09,base,62.426958432,62426958432111194712
2024-03-09,optimism,100.378417798,100378417797796697696
2024-03-10,arbitrum,114.787961057,114787961056633761180
2024-03-10,base,70.566275105,70566275105386024104
2024-03-10,optimism,66.460001242,66460001241519196996
2024-03-11,arbitrum,150.049045615,150049045614799054248
2024-03-11,base,80.687620456,80687620456436413132
2024-03-11,optimism,77.937131176,77937131176130138816
2024-03-12,arbitrum,158.271014515,158271014515217591163
2024-03-12,base,71.828773359,71828773359279999132
2024-03-12,optimism,73.530335012,73530335011770341824
2024-03-13,arbitrum,143.402614678,143402614678161065252
2024-03-13,base,77.068638393,77068638393361272596
2024-03-13,optimism,78.965009727,78965009726666503548
2024-03-14,arbitrum,84.302876948,84302876948069359723
2024-03-14,base,1.024509606,1024509605659953000
2024-03-14,optimism,0.280405828,280405828465843896
2024-03-15,arbitrum,4.686528503,4686528503024930765
2024-03-15,base,0.259389699,259389698975122496
2024-03-15,optimism,0.167490408,167490407948381736
2024-03-16,arbitrum,3.478895204,3478895204382426912
2024-03-16,base,0.264317345,264317345335454624
2024-03-16,optimism,0.11613244,116132440214334784
2024-03-17,arbitrum,2.725370937,2725370937407989429
2024-03-17,base,0.159162545,159162544780540248
2024-03-17,optimism,0.139828508,139828507555358336
2024-03-18,arbitrum,3.835158372,3835158371996009976
2024-03-18,base,0.204384424,204384424089277792
2024-03-18,optimism,0.186330835,186330835391779824
2024-03-19,arbitrum,4.818050152,4818050152229423047
2024-03-19,base,0.22867084,228670839755629168
2024-03-19,optimism,0.195448995,195448995044350088
2024-03-20,arbitrum,4.589825111,4589825110738329460
2024-03-20,base,0.269141022,269141021797660064
2024-03-20,optimism,0.175049085,175049085380989648
2024-03-21,arbitrum,3.662836861,3662836861144697414
2024-03-21,base,0.213011637,213011637138397552
2024-03-21,optimism,0.144387981,144387980930848408
2024-03-22,arbitrum,3.03483988,3034839879962398692
2024-03-22,base,0.172437516,172437516024682464
2024-03-22,optimism,0.109769707,109769707015149280
2024-03-23,arbitrum,2.236706182,2236706182162184847
2024-03-23,base,0.143174387,143174387437666384
2024-03-23,optimism,0.076173943,76173942552755304
2024-03-24,arbitrum,2.153064903,2153064903180478744
2024-03-24,base,0.138520058,138520058285303784
2024-03-24,optimism,0.07153882,71538819874906848
2024-03-25,arbitrum,3.133423165,3133423165201833567
2024-03-25,base,0.192031997,192031997490277232
2024-03-25,optimism,0.166485629,166485628877282664
2024-03-26,arbitrum,3.834915026,3834915026100213090
2024-03-26,base,0.232998863,232998862559080704
2024-03-26,optimism,0.221139082,221139081580643376
2024-03-27,arbitrum,7.83819662,7838196620021674624
2024-03-27,base,4.925900332,4925900332109856568
2024-03-27,optimism,4.267938972,4267938971688440352
2024-03-28,arbitrum,10.714806297,10714806296938000116
2024-03-28,base,10.823718395,10823718395045413848
2024-03-28,optimism,6.393414768,6393414767599193280
2024-03-29,arbitrum,8.11121513,8111215129995817762
2024-03-29,base,6.713921221,6713921220832099296
2024-03-29,optimism,4.914094176,4914094176484820448
2024-03-30,arbitrum,6.865506066,6865506065657327225
2024-03-30,base,7.738475695,7738475695252112040
2024-03-30,optimism,4.329469633,4329469633133606160
2024-03-31,arbitrum,13.006402314,13006402314230091119
2024-03-31,base,20.671244973,20671244972763946656
2024-03-31,optimism,12.384753317,12384753316722958704
2024-04-01,arbitrum,11.64053163,11640531629530624770
2024-04-01,base,19.136286471,19136286471159148776
2024-04-01,optimism,12.02388225,12023882249979656760
2024-04-02,arbitrum,18.179244059,18179244059316154212
2024-04-02,base,26.982912812,26982912812113018968
2024-04-02,optimism,14.92178507,14921785069929264384
2024-04-03,arbitrum,12.61257881,12612578810386837795
2024-04-03,base,17.574107643,17574107643457006416
2024-04-03,optimism,10.311055002,10311055002385216992
2024-04-04,arbitrum,2.638748541,2638748540579413465
2024-04-04,base,0.412462979,412462978727267784
2024-04-04,optimism,0.208498954,208498954389336840
2024-04-05,arbitrum,1.902646351,1902646351003458326
2024-04-05,base,0.324781563,324781562600991264
2024-04-05,optimism,0.124977624,124977623867072688
2024-04-06,arbitrum,1.179428141,1179428140738517323
2024-04-06,base,0.201800613,201800613361725048
2024-04-06,optimism,0.059798715,59798714698158216
2024-04-07,arbitrum,1.427037244,1427037244451991767
2024-04-07,base,0.249171379,249171378500861376
2024-04-07,optimism,0.067064552,67064552177400624
2024-04-08,arbitrum,2.244741789,2244741789217886812
2024-04-08,base,0.364508518,364508517982186488
2024-04-08,optimism,0.179344893,179344892928009624
2024-04-09,arbitrum,2.755240923,2755240922588549613
2024-04-09,base,0.447114022,447114021853885272
2024-04-09,optimism,0.203249497,203249497309857744
2024-04-10,arbitrum,1.942412781,1942412780620378627
2024-04-10,base,0.315693951,315693951020947584
2024-04-10,optimism,0.145038375,145038374976123696
2024-04-11,arbitrum,2.122772758,2122772757961701557
2024-04-11,base,0.316660531,316660531268130888
2024-04-11,optimism,0.152351025,152351024543575008
2024-04-12,arbitrum,3.883338928,3883338928191150900
2024-04-12,base,0.39540023,395400230058306408
2024-04-12,optimism,0.182143189,182143188618351240
2024-04-13,arbitrum,5.738700614,5738700613644126681
2024-04-13,base,0.580142353,580142353139990976
2024-04-13,optimism,0.242172238,242172237899552256
2024-04-14,arbitrum,1.687092054,1687092053706869750
2024-04-14,base,0.197000638,197000637876674184
2024-04-14,optimism,0.09338279,93382789923059352
2024-04-15,arbitrum,2.004397633,2004397633404942003
2024-04-15,base,0.250926745,250926745485418944
2024-04-15,optimism,0.116154055,116154055246093560
2024-04-16,arbitrum,1.589507024,1589507023621932310
2024-04-16,base,0.209116904,209116903711953432
2024-04-16,optimism,0.094825793,94825793111224584
2024-04-17,arbitrum,2.684586353,2684586353303741807
2024-04-17,base,0.300435435,300435435326715960
2024-04-17,optimism,0.144086531,144086531484463536
2024-04-18,arbitrum,1.618664113,1618664113377003267
2024-04-18,base,0.191874355,191874354862674888
2024-04-18,optimism,0.092846157,92846156694531192
2024-04-19,arbitrum,1.503687448,1503687447729876820
2024-04-19,base,0.172051788,172051788284328360
2024-04-19,optimism,0.062044786,62044786093574880
2024-04-20,arbitrum,0.918801383,918801383473545211
2024-04-20,base,0.122537133,122537133271691928
2024-04-20,optimism,0.038454243,38454242677589352
2024-04-21,arbitrum,0.925477355,925477354848855334
2024-04-21,base,0.126054799,126054799409937456
2024-04-21,optimism,0.036047515,36047515170931896
2024-04-22,arbitrum,1.360551822,1360551822452405671
2024-04-22,base,0.169797482,169797482461026936
2024-04-22,optimism,0.078714256,78714256406427576
2024-04-23,arbitrum,1.553945648,1553945647609357110
2024-04-23,base,0.19929343,199293430223552280
2024-04-23,optimism,0.097857138,97857138404031696
2024-04-24,arbitrum,1.939165921,1939165920767410745
2024-04-24,base,0.217087814,217087813540533864
2024-04-24,optimism,0.115519608,115519608161983200
2024-04-25,arbitrum,1.605645532,1605645532057360950
2024-04-25,base,0.184593566,184593565703609688
2024-04-25,optimism,0.097616383,97616382510277176
2024-04-26,arbitrum,0.992593507,992593506730365447
2024-04-26,base,0.130951428,130951428420433440
2024-04-26,optimism,0.062257223,62257222658378400
2024-04-27,arbitrum,0.776883637,776883636706187580
2024-04-27,base,0.106541773,106541773306257480
2024-04-27,optimism,0.052528609,52528609177408944
2024-04-28,arbitrum,0.850946588,850946588434693543
2024-04-28,base,0.115670801,115670800768998456
2024-04-28,optimism,0.059605231,59605231484089560
2024-04-29,arbitrum,1.126245746,1126245746465447903
2024-04-29,base,0.142782183,142782182603592408
2024-04-29,optimism,0.070809787,70809786798055920
2024-04-30,arbitrum,1.908919883,1908919882824009983
2024-04-30,base,0.211403829,211403829196689792
2024-04-30,optimism,0.110884186,110884186110249696
